section,emo_clause_index,cau_candidate_index,emotion_clause,cause_candidate,conn_words,possibility_distribution,cause_conn_possibility,contrast_conn_possibility,conjunction_conn_possibility,condition_conn_possibility,restatement_conn_possibility,correctness,probability_correctness
1,7,1,激动地对中新网记者说,当我看到建议被采纳,"['便', '因', '故', '由', '却', '但', '虽', '而', '与', '则', '就', '或', '苟', '若', '当', '如', '唯', '必', '总', '更']","[1.73378036e-03 3.25921510e-03 2.63970048e-04 4.70583099e-04
 2.03665207e-03 7.48982810e-01 4.19505844e-04 1.79004869e-01
 4.42408996e-04 8.62945754e-04 4.62185158e-02 2.05414828e-03
 1.49681435e-06 4.73067928e-04 8.67029937e-03 2.98407734e-03
 1.00799092e-03 2.55726635e-04 1.59564665e-04 6.98371399e-04]",0.0057275486103876986,0.9304438375191028,0.04957801880883246,0.012128941445902855,0.002121653615774141,False,false
1,7,2,激动地对中新网记者说,部委领导写给我的回信时,"['便', '因', '故', '由', '却', '但', '虽', '而', '与', '则', '就', '或', '苟', '若', '当', '如', '唯', '必', '总', '更']","[1.61483367e-03 1.49488901e-02 2.96464503e-03 1.86150741e-01
 8.29043328e-04 9.84502607e-02 4.54016710e-04 6.87042265e-02
 2.19998756e-02 2.05604050e-03 8.86099675e-02 2.75336647e-02
 2.50717527e-05 1.74907807e-03 2.37354977e-01 5.58128767e-02
 1.10246812e-03 1.31305684e-03 1.82016835e-01 6.30943133e-03]",0.20567910998694933,0.16843754725267682,0.14019954827341677,0.294942003264507,0.19074179122244994,False,false
1,7,3,激动地对中新网记者说,我知道我正在为这个国家的发展尽着一份力量,"['便', '因', '故', '由', '却', '但', '虽', '而', '与', '则', '就', '或', '苟', '若', '当', '如', '唯', '必', '总', '更']","[2.10833643e-05 7.21793647e-04 7.11775764e-05 1.33186950e-04
 2.74649840e-04 9.17354573e-01 4.38805373e-05 7.85230206e-02
 1.18040936e-04 4.40687104e-05 4.25348064e-04 4.69870026e-05
 2.07306801e-06 9.79537715e-05 1.76724818e-03 1.30499416e-04
 1.32315366e-04 1.79139534e-05 2.76361298e-05 4.65500295e-05]",0.0009472415376115731,0.9961961238337553,0.0006344447139915637,0.0019977744363083886,0.0002244154783332846,False,false
1,7,4,激动地对中新网记者说,27日,"['便', '因', '故', '由', '却', '但', '虽', '而', '与', '则', '就', '或', '苟', '若', '当', '如', '唯', '必', '总', '更']","[0.00262837 0.06009161 0.00964849 0.02551578 0.00090001 0.20146604
 0.00461311 0.1580211  0.22827449 0.00346201 0.02386029 0.10089204
 0.00046393 0.0104166  0.01804526 0.12540714 0.00482308 0.00144177
 0.00769146 0.01233742]",0.09788424717207099,0.36500026195004776,0.3564888337234572,0.15433292085019915,0.026293736304224737,False,false
1,7,5,激动地对中新网记者说,河北省邢台钢铁有限公司的普通工人白金跃,"['便', '因', '故', '由', '却', '但', '虽', '而', '与', '则', '就', '或', '苟', '若', '当', '如', '唯', '必', '总', '更']","[6.27200821e-04 2.04945571e-02 2.96154653e-02 5.98752268e-02
 6.85826629e-04 6.59286110e-02 4.35867181e-04 5.30589337e-01
 6.46971976e-02 1.46276174e-03 3.39931619e-02 5.04674880e-03
 3.03811727e-06 7.72929877e-04 4.47456617e-02 1.32356823e-01
 1.15802142e-03 5.52890388e-05 5.90948247e-03 1.54679195e-03]",0.11061245004222306,0.5976396418556419,0.10519987010370836,0.17787845311898276,0.008669584879444286,False,false
1,7,6,激动地对中新网记者说,拿着历年来国家各部委反馈给他的感谢信,"['便', '因', '故', '由', '却', '但', '虽', '而', '与', '则', '就', '或', '苟', '若', '当', '如', '唯', '必', '总', '更']","[8.42839613e-02 9.31109574e-03 1.43335217e-03 7.04306650e-03
 9.48313968e-02 1.78181817e-01 1.86824574e-03 8.98612720e-02
 1.12380160e-03 1.75019274e-02 3.61702934e-01 1.36195674e-02
 6.25418638e-05 2.79852751e-03 1.24988192e-02 1.10716162e-02
 7.89823986e-04 2.39774514e-03 4.67164814e-02 6.29020078e-02]",0.10207147570209801,0.3647427310924364,0.39394823013386415,0.026431504787391348,0.11280605828420993,False,false
1,7,8,激动地对中新网记者说,27年来,"['便', '因', '故', '由', '却', '但', '虽', '而', '与', '则', '就', '或', '苟', '若', '当', '如', '唯', '必', '总', '更']","[6.89704384e-04 5.30834218e-03 2.86222766e-03 7.29271233e-03
 1.13716655e-03 5.58477001e-01 3.72721459e-03 3.39598177e-01
 1.39937773e-02 1.95199626e-03 8.57701136e-03 5.82970500e-03
 1.22404887e-05 1.05189286e-02 2.04086395e-02 1.50996940e-02
 7.80573265e-04 9.09356514e-05 2.57172588e-03 1.07222790e-03]",0.01615298655384522,0.9029395582975558,0.030352489914211644,0.04603950254167127,0.00451546269271608,False,false
1,7,9,激动地对中新网记者说,国家公安部国家工商总局国家科学技术委员会科技部卫生部国家发展改革委员会等部委均接受并采纳过的我的建议,"['便', '因', '故', '由', '却', '但', '虽', '而', '与', '则', '就', '或', '苟', '若', '当', '如', '唯', '必', '总', '更']","[7.91942462e-04 2.55199384e-02 3.80628816e-03 1.62318982e-01
 2.03898439e-04 2.58702167e-01 1.73573589e-03 2.79210420e-01
 4.80072600e-02 1.23204917e-03 1.46718023e-02 5.16803155e-03
 2.32314237e-06 1.67701754e-03 1.82965512e-02 1.66048901e-01
 9.93926500e-04 1.92643350e-04 1.04455765e-02 9.74545605e-04]",0.19243715080634596,0.5398522213701027,0.0690791430231715,0.1860247928744652,0.012606691925914513,True,false
1,7,7,激动地对中新网记者说,激动地对中新网记者说,"['便', '因', '故', '由', '却', '但', '虽', '而', '与', '则', '就', '或', '苟', '若', '当', '如', '唯', '必', '总', '更']","[5.28791422e-03 5.80917201e-03 9.72858309e-04 1.88121769e-03
 7.54135749e-03 9.67799343e-02 1.43542289e-03 3.93697207e-02
 1.15631797e-03 2.74337104e-03 2.44076059e-02 6.06446964e-03
 5.46115256e-04 9.23827806e-04 2.11018510e-02 4.11396873e-03
 8.34178923e-04 4.83916787e-04 3.23444150e-03 7.75312338e-01]",0.013951162237325138,0.14512643530956812,0.034371764586018844,0.026685762839036162,0.7798648750280517,False,false
2,9,1,并略显激动,据白金跃介绍,"['便', '因', '故', '由', '却', '但', '虽', '而', '与', '则', '就', '或', '苟', '若', '当', '如', '唯', '必', '总', '更']","[9.60081303e-05 5.94121061e-03 9.72856090e-04 9.15008202e-04
 4.04645833e-04 4.33858419e-01 5.89285648e-04 5.41630950e-01
 1.06846371e-03 7.31282452e-04 1.67136995e-03 2.01609448e-03
 1.46527460e-06 2.13186044e-04 5.78291528e-04 1.99075909e-03
 5.20857021e-03 2.52648491e-05 2.50748140e-04 1.83612007e-03]",0.007925083029172135,0.9764833011845089,0.005487210587330564,0.0027837019332461297,0.0073207032657422524,False,false
2,9,2,并略显激动,自1988年至今,"['便', '因', '故', '由', '却', '但', '虽', '而', '与', '则', '就', '或', '苟', '若', '当', '如', '唯', '必', '总', '更']","[2.73346854e-03 1.48791199e-02 1.20181252e-02 1.80888021e-02
 3.33264112e-03 2.56102951e-01 2.30492258e-03 5.12855013e-01
 3.68950227e-02 1.80953069e-02 9.34470358e-03 3.01627282e-02
 6.88202941e-06 9.40570034e-03 6.20582972e-03 1.17339472e-02
 5.00326081e-03 1.49709184e-04 3.13978371e-03 4.75420824e-02]",0.04771951585965662,0.7745955274082159,0.09449776131685496,0.027352359302973427,0.055834836112299016,False,false
2,9,3,并略显激动,他向国家各部委提出合理化建议1000多条,"['便', '因', '故', '由', '却', '但', '虽', '而', '与', '则', '就', '或', '苟', '若', '当', '如', '唯', '必', '总', '更']","[2.59110826e-03 3.62953725e-02 4.29559797e-03 3.02003008e-02
 4.21249487e-04 4.25784290e-01 7.07224767e-04 2.77278551e-01
 2.22068993e-02 1.12478409e-03 2.15442423e-02 3.24277042e-03
 3.15011243e-06 6.49501714e-03 1.06992809e-01 5.33078430e-02
 1.47079445e-03 1.20952861e-04 2.56792520e-03 3.34911642e-03]",0.07338237956124277,0.704191315675749,0.048118696182490796,0.16679881964896767,0.00750878893154977,False,false
2,9,4,并略显激动,并多次被各部委采纳,"['便', '因', '故', '由', '却', '但', '虽', '而', '与', '则', '就', '或', '苟', '若', '当', '如', '唯', '必', '总', '更']","[2.48330182e-03 9.80534288e-02 1.17796624e-02 1.28799251e-02
 5.53512842e-03 6.42145265e-01 1.35329468e-02 6.92171251e-02
 3.48272007e-02 4.73915897e-03 6.22323501e-03 8.27333908e-03
 1.74532746e-04 1.84015633e-03 2.84567858e-02 1.41792183e-02
 1.99554536e-03 7.33382040e-04 1.55620946e-02 2.73685679e-02]",0.12519631818409663,0.7304304650690443,0.05406293376318365,0.04465069313330279,0.0456595898503727,False,false
2,9,5,并略显激动,曾荣获国家十二五建言献策个人一等奖河北省建言献策三等奖,"['便', '因', '故', '由', '却', '但', '虽', '而', '与', '则', '就', '或', '苟', '若', '当', '如', '唯', '必', '总', '更']","[1.10554364e-02 3.22532533e-01 2.24198585e-02 6.28745831e-03
 8.12182047e-03 1.44493780e-01 1.59338591e-02 1.21888499e-01
 2.95058661e-02 6.91913682e-03 4.92645275e-02 1.23684488e-02
 7.85051220e-05 2.23262515e-03 1.39391960e-02 4.33615090e-02
 4.96687906e-03 2.36857913e-04 1.18115117e-02 1.72581692e-01]",0.36229528642075676,0.29043795851414755,0.0980579792678441,0.05961183527778212,0.18959694051946924,False,true
2,9,6,并略显激动,当日,"['便', '因', '故', '由', '却', '但', '虽', '而', '与', '则', '就', '或', '苟', '若', '当', '如', '唯', '必', '总', '更']","[3.51141460e-03 1.52492323e-01 4.41675112e-02 3.08556599e-02
 1.32607689e-03 2.06582388e-01 3.29578055e-03 1.93651050e-01
 1.77543437e-01 6.05163711e-03 2.56679939e-02 2.41320349e-02
 7.73173026e-06 2.36412892e-02 3.52192875e-02 5.98086123e-02
 5.69151155e-03 2.37034930e-04 2.71974653e-03 3.39747928e-03]",0.231026908622058,0.4048552957763047,0.2333951026783894,0.11867692063529706,0.012045772287950906,False,false
2,9,7,并略显激动,跟中新网记者谈起建言献策的初衷,"['便', '因', '故', '由', '却', '但', '虽', '而', '与', '则', '就', '或', '苟', '若', '当', '如', '唯', '必', '总', '更']","[1.15966356e-01 1.25957440e-02 1.15092947e-03 1.17274676e-03
 9.89948577e-02 2.06103823e-01 1.56528076e-03 9.37651589e-02
 3.57361901e-03 8.19207305e-03 2.08068267e-01 1.05525800e-02
 6.14963520e-05 3.47269569e-03 1.02489532e-01 1.49839222e-02
 1.57246505e-04 6.01271590e-04 6.69697279e-03 1.09835426e-01]",0.1308857766419351,0.4004291201659246,0.23038653941734874,0.12100764662613701,0.11729091714865449,False,false
2,9,8,并略显激动,白金跃陷入回忆,"['便', '因', '故', '由', '却', '但', '虽', '而', '与', '则', '就', '或', '苟', '若', '当', '如', '唯', '必', '总', '更']","[3.40186533e-04 6.46147380e-02 6.34611297e-03 8.76050531e-02
 3.31450256e-03 1.99157750e-01 6.63118515e-04 8.96901166e-02
 4.81881587e-01 6.38546110e-04 1.25161731e-03 8.75770221e-04
 4.18720129e-05 2.09040315e-03 3.62336941e-02 3.88572052e-03
 1.63643980e-02 8.86432211e-05 3.15846668e-03 1.75770334e-03]",0.1589060906140482,0.29282548779883194,0.4846475205514779,0.04225168982497411,0.02136921121066775,True,false
2,9,9,并略显激动,并略显激动,"['便', '因', '故', '由', '却', '但', '虽', '而', '与', '则', '就', '或', '苟', '若', '当', '如', '唯', '必', '总', '更']","[1.22820205e-03 1.49534657e-02 3.00708524e-03 2.78471295e-03
 3.37677261e-03 5.83856110e-01 2.92192291e-03 2.69563775e-01
 2.53544600e-02 1.46720132e-03 9.75295113e-03 2.88312366e-02
 1.58651909e-04 3.70632780e-03 1.12678076e-02 8.57455086e-03
 2.22835941e-03 8.81403822e-04 5.75344979e-03 2.03315535e-02]",0.02197346589935413,0.8597185804385545,0.06540584899159471,0.023707338145556436,0.029194766524940248,False,false
3,12,1,小男孩胸口蔫瘦得让人心疼,2002年6月3日上午,"['便', '因', '故', '由', '却', '但', '虽', '而', '与', '则', '就', '或', '苟', '若', '当', '如', '唯', '必', '总', '更']","[0.00095802 0.00831419 0.00253514 0.27820616 0.00107721 0.11279859
 0.00033311 0.25967673 0.05815412 0.00479033 0.0051848  0.0143955
 0.00112069 0.00363015 0.05226687 0.0616795  0.04922739 0.00047924
 0.00268601 0.08248624]",0.29001351823025345,0.37388563513500467,0.08252475821149428,0.1186972053701344,0.13487888305311344,False,false
3,12,2,小男孩胸口蔫瘦得让人心疼,当值的曾友蔚接报,"['便', '因', '故', '由', '却', '但', '虽', '而', '与', '则', '就', '或', '苟', '若', '当', '如', '唯', '必', '总', '更']","[1.05068137e-04 1.18823967e-02 8.47295129e-04 9.21262104e-01
 5.57023602e-04 1.96210503e-02 1.28415512e-04 2.56477602e-02
 4.74622081e-03 3.13102505e-04 4.54183924e-04 2.13223473e-04
 5.53441288e-07 3.52040429e-04 9.90356028e-03 7.07809938e-04
 1.83458998e-03 1.25282618e-05 6.41134058e-04 7.69939251e-04]",0.934096864083055,0.04595424956761263,0.005726730708100977,0.010963964088167228,0.0032581915530642005,False,true
3,12,3,小男孩胸口蔫瘦得让人心疼,狮山镇小塘走马营村一树林里有一名年仅2岁多的小男孩躺在草地上,"['便', '因', '故', '由', '却', '但', '虽', '而', '与', '则', '就', '或', '苟', '若', '当', '如', '唯', '必', '总', '更']","[1.34182866e-03 6.58322587e-02 1.77142332e-02 8.63766254e-03
 1.38803558e-02 1.69128075e-01 4.43330160e-03 4.77756080e-01
 9.69212492e-03 4.40483533e-03 1.08755932e-02 1.49296313e-03
 3.85339444e-04 3.58775280e-03 5.75611652e-02 1.09924246e-01
 3.49689081e-03 5.67027620e-04 3.68100655e-02 2.47820071e-03]",0.09352598312294619,0.6651978121270083,0.026465516607498386,0.17145850347178782,0.043352184670759374,False,false
3,12,4,小男孩胸口蔫瘦得让人心疼,无人认领,"['便', '因', '故', '由', '却', '但', '虽', '而', '与', '则', '就', '或', '苟', '若', '当', '如', '唯', '必', '总', '更']","[4.09926133e-04 3.22844669e-01 1.24585333e-02 5.26178408e-04
 5.46361047e-02 4.69164953e-01 1.28740557e-02 1.13824405e-02
 8.66780147e-04 2.92480771e-04 2.16876408e-03 6.50584119e-02
 1.94969964e-06 1.28813875e-02 3.59121375e-03 2.17886589e-02
 1.34506001e-03 2.83381708e-05 3.02050375e-03 4.65959123e-03]",0.3362393067217102,0.5480575534006245,0.06838643687211958,0.03826320984491701,0.009053493160628652,False,false
3,12,5,小男孩胸口蔫瘦得让人心疼,曾友蔚立即赶到现场处置,"['便', '因', '故', '由', '却', '但', '虽', '而', '与', '则', '就', '或', '苟', '若', '当', '如', '唯', '必', '总', '更']","[3.72408395e-04 7.57310516e-03 2.27826433e-03 2.01144876e-02
 2.33128354e-04 1.83771027e-01 1.04067651e-04 7.51571571e-01
 1.11767403e-02 2.51383464e-04 1.27406349e-03 5.42525213e-04
 6.75341107e-06 5.81589878e-04 1.65568148e-02 9.66468623e-04
 4.59723161e-04 1.42341666e-04 1.05730628e-03 9.66229472e-04]",0.03033826553359835,0.9356797946914548,0.013244712437520087,0.018111626756768386,0.0026256005806584203,False,false
3,12,6,小男孩胸口蔫瘦得让人心疼,只见林中的草地上,"['便', '因', '故', '由', '却', '但', '虽', '而', '与', '则', '就', '或', '苟', '若', '当', '如', '唯', '必', '总', '更']","[9.90060197e-03 8.34679278e-03 4.95023134e-03 1.43073973e-04
 3.95526060e-01 2.80251397e-01 1.69945354e-03 8.83288164e-02
 6.00880508e-04 4.06802897e-03 1.40914414e-01 1.11794840e-02
 1.85783896e-05 1.27736924e-02 2.65374135e-02 3.14688334e-03
 2.11210561e-03 2.24000956e-04 1.00785913e-03 8.27023140e-03]",0.023340700061301886,0.7658057273839654,0.15676280787219132,0.04247656759239964,0.011614197090141679,False,false
3,12,7,小男孩胸口蔫瘦得让人心疼,小男孩被包在一条毛巾里,"['便', '因', '故', '由', '却', '但', '虽', '而', '与', '则', '就', '或', '苟', '若', '当', '如', '唯', '必', '总', '更']","[4.05465209e-05 8.65246269e-03 9.15595265e-04 8.92266318e-04
 2.00196435e-04 1.55414430e-01 9.65652879e-05 6.26493411e-01
 2.74819225e-03 1.22922375e-04 7.50950053e-04 4.94962922e-04
 1.17863193e-06 4.10125651e-04 2.01260706e-01 7.02486070e-04
 1.09063716e-04 8.21504594e-06 2.23580121e-04 4.62144085e-04]",0.010500870792146115,0.782204602751063,0.004117027596412683,0.20237449589191345,0.000803002968464638,False,false
3,12,8,小男孩胸口蔫瘦得让人心疼,很孱弱,"['便', '因', '故', '由', '却', '但', '虽', '而', '与', '则', '就', '或', '苟', '若', '当', '如', '唯', '必', '总', '更']","[3.88701775e-03 5.29584154e-03 7.38584268e-04 1.48359598e-04
 3.74698966e-01 4.83705341e-01 1.43557563e-02 1.04145099e-02
 5.49086298e-04 1.93484610e-03 6.81316937e-02 1.85161668e-02
 3.47199218e-05 4.43021531e-03 1.47208384e-03 1.58635161e-03
 1.35080189e-04 6.00865674e-04 5.41584132e-03 3.94867276e-03]",0.010069803151597414,0.8831745732809295,0.0891317929371997,0.007523370684829374,0.010100459945444187,False,false
3,12,9,小男孩胸口蔫瘦得让人心疼,不哭也不闹,"['便', '因', '故', '由', '却', '但', '虽', '而', '与', '则', '就', '或', '苟', '若', '当', '如', '唯', '必', '总', '更']","[1.13494626e-02 3.76429141e-03 4.65739252e-03 1.37050953e-03
 1.52579484e-01 4.12602362e-01 3.19895199e-02 3.04533030e-02
 2.47203858e-03 5.86614241e-03 1.67064202e-01 2.48635592e-02
 4.23688047e-04 1.00644732e-02 2.68608007e-03 1.06366468e-02
 2.62819654e-04 3.81626908e-04 8.51131576e-03 1.18001083e-01]",0.021141656020948738,0.6276246681049238,0.20026594264750447,0.02381088808837703,0.12715684513824602,False,false
3,12,10,小男孩胸口蔫瘦得让人心疼,小眼珠子静静地望着眼前的警察叔叔,"['便', '因', '故', '由', '却', '但', '虽', '而', '与', '则', '就', '或', '苟', '若', '当', '如', '唯', '必', '总', '更']","[1.52976631e-03 3.79289423e-02 1.34230495e-03 1.38346454e-02
 3.52571134e-02 3.18395752e-01 5.73650529e-03 3.66319440e-01
 1.79099916e-02 1.16659974e-03 4.13757242e-02 4.34579217e-03
 1.24602964e-03 4.27406248e-03 1.21055468e-01 6.53935509e-03
 4.19198975e-03 2.52667716e-04 5.13896760e-03 1.21588819e-02]",0.054635659005634635,0.7257088113260979,0.06479810771119623,0.13311491494535652,0.02174250701171459,False,false
3,12,11,小男孩胸口蔫瘦得让人心疼,曾友蔚打开包裹着的围巾,"['便', '因', '故', '由', '却', '但', '虽', '而', '与', '则', '就', '或', '苟', '若', '当', '如', '唯', '必', '总', '更']","[8.15570495e-04 3.28389305e-02 5.32397379e-04 2.37171219e-01
 8.60701959e-04 8.96651098e-02 3.93497631e-04 1.60169529e-01
 4.59909381e-02 3.11800480e-04 2.25204946e-03 1.10713204e-03
 3.34696149e-06 3.20206784e-03 4.18436302e-01 3.61210495e-03
 6.66834932e-04 7.89584621e-05 9.60186885e-04 9.31322252e-04]",0.2713581176437011,0.251088838281783,0.04966192012564148,0.42525382141784757,0.002637302531026835,False,false
3,12,13,小男孩胸口蔫瘦得让人心疼,贴身处有一张写着出生年月的纸条和一封利是,"['便', '因', '故', '由', '却', '但', '虽', '而', '与', '则', '就', '或', '苟', '若', '当', '如', '唯', '必', '总', '更']","[6.04287776e-03 2.24777183e-02 2.43299491e-03 1.49140664e-03
 1.21979236e-03 1.60343929e-01 1.53165257e-03 7.52452413e-01
 3.82201635e-03 4.55334441e-03 7.32365398e-03 2.41501163e-03
 8.04939106e-07 1.45070179e-03 1.81244805e-02 6.30772724e-03
 6.83971402e-04 2.34912278e-04 4.66050043e-03 2.43009107e-03]",0.032444997581548465,0.9155477864269801,0.018114026366530145,0.025883714447578532,0.008009475177362804,False,false
3,12,14,小男孩胸口蔫瘦得让人心疼,曾友蔚意识到,"['便', '因', '故', '由', '却', '但', '虽', '而', '与', '则', '就', '或', '苟', '若', '当', '如', '唯', '必', '总', '更']","[1.23740825e-04 2.43144304e-03 4.26596745e-04 2.30222952e-03
 4.29550369e-04 4.00852745e-01 2.41536213e-04 3.81230860e-01
 2.13024603e-03 1.97249229e-04 5.12808322e-04 3.52321639e-04
 1.23757015e-06 1.50673560e-03 2.04803703e-01 1.45863488e-03
 6.04964537e-04 5.35648468e-05 1.08030214e-04 2.31802679e-04]",0.00528401013708105,0.7827546914904849,0.0031926252150720853,0.20777031088080475,0.0009983622765572077,False,false
3,12,15,小男孩胸口蔫瘦得让人心疼,这可能是个病被弃的孩子,"['便', '因', '故', '由', '却', '但', '虽', '而', '与', '则', '就', '或', '苟', '若', '当', '如', '唯', '必', '总', '更']","[1.74825533e-04 3.52115618e-02 4.05347601e-04 2.91582602e-04
 2.34163623e-03 8.37263704e-01 7.80689261e-04 9.70496125e-02
 4.47087179e-04 8.84665004e-05 7.54571749e-03 3.00169946e-03
 1.92824681e-05 3.80216589e-03 6.13081158e-03 3.63188859e-03
 2.92504379e-04 1.04456575e-04 2.50742986e-04 1.16621710e-03]",0.03608331752467757,0.9374356422778576,0.011082970629528843,0.013584148526449142,0.001813921041487011,False,false
3,12,12,小男孩胸口蔫瘦得让人心疼,小男孩胸口蔫瘦得让人心疼,"['便', '因', '故', '由', '却', '但', '虽', '而', '与', '则', '就', '或', '苟', '若', '当', '如', '唯', '必', '总', '更']","[7.68699173e-04 5.69478059e-02 8.92042161e-03 4.88685044e-03
 2.56827750e-03 1.94781173e-01 1.02568115e-03 4.61510020e-01
 6.89110860e-03 9.85942491e-04 1.90244389e-02 4.31624605e-03
 1.14430851e-05 3.92032338e-03 2.07164405e-01 1.13571353e-02
 9.90529235e-04 5.64216050e-04 2.73015096e-03 1.06351319e-02]",0.07152377716239774,0.6598851513595911,0.031217736072560936,0.2224533073087362,0.014920028096714007,True,false
4,12,1,无奈才选择跳楼轻生,为尽快将女子救下,"['便', '因', '故', '由', '却', '但', '虽', '而', '与', '则', '就', '或', '苟', '若', '当', '如', '唯', '必', '总', '更']","[5.61788081e-03 1.96880144e-01 6.09593656e-03 1.61684976e-04
 3.09068340e-02 5.10560619e-01 2.28179759e-03 1.38907442e-01
 1.60455734e-03 6.76373670e-04 2.76807655e-03 2.25029885e-03
 1.25366292e-05 7.61747573e-04 6.30378490e-04 1.30002834e-03
 5.85859339e-02 1.99044416e-03 3.18267177e-03 3.48246134e-02]",0.2087556462699239,0.6826566930594986,0.007299306413867538,0.0027046910315215384,0.09858366322518844,False,false
4,12,2,无奈才选择跳楼轻生,指挥员立即制订了救援方案,"['便', '因', '故', '由', '却', '但', '虽', '而', '与', '则', '就', '或', '苟', '若', '当', '如', '唯', '必', '总', '更']","[1.35048658e-03 1.32496434e-02 4.06778921e-02 9.87303606e-03
 2.26189550e-04 1.21205141e-01 1.53647258e-04 1.21413961e-01
 9.99443333e-03 2.00177928e-04 2.95035495e-03 2.74254390e-04
 2.83351334e-05 5.45334878e-04 7.09553439e-02 9.37643411e-04
 3.89365891e-04 2.06168950e-05 6.04298381e-01 1.25576106e-03]",0.0651510581544301,0.24299893869078648,0.013419220592427936,0.07246665734644064,0.6059641252159148,False,false
4,12,3,无奈才选择跳楼轻生,第一组在楼下铺设救生气垫,"['便', '因', '故', '由', '却', '但', '虽', '而', '与', '则', '就', '或', '苟', '若', '当', '如', '唯', '必', '总', '更']","[1.00283117e-03 7.54621743e-02 4.60521799e-02 2.93880418e-01
 1.48175115e-03 1.38248011e-01 1.12615429e-02 2.53216602e-01
 3.89704959e-02 3.79265020e-03 3.80538603e-03 3.78451537e-03
 1.08587561e-05 2.59505400e-03 4.41789233e-02 4.37494214e-02
 2.12327866e-02 1.80254181e-04 3.55179277e-03 1.35423505e-02]",0.4163976037175876,0.4042079072294485,0.05035304752865643,0.09053425743477869,0.03850718408952879,False,true
4,12,4,无奈才选择跳楼轻生,并对周围无关人员进行疏散,"['便', '因', '故', '由', '却', '但', '虽', '而', '与', '则', '就', '或', '苟', '若', '当', '如', '唯', '必', '总', '更']","[2.71574752e-03 1.08511648e-01 3.60411830e-02 2.35429324e-03
 9.37611667e-03 5.53863196e-01 1.05919711e-02 1.34755656e-01
 3.52089593e-02 1.36944167e-03 7.80075293e-03 1.52067926e-02
 1.54536788e-04 3.03691817e-03 2.70636142e-02 4.72934378e-03
 2.53388717e-03 9.53949596e-04 2.07984766e-02 2.29335158e-02]",0.14962287170219,0.7085869396744106,0.05958594652497313,0.034984412925053075,0.04721982917337306,False,false
4,12,5,无奈才选择跳楼轻生,另一组队员快速爬上6楼,"['便', '因', '故', '由', '却', '但', '虽', '而', '与', '则', '就', '或', '苟', '若', '当', '如', '唯', '必', '总', '更']","[2.40816636e-04 1.62927527e-02 8.42649517e-04 9.58906526e-02
 8.69923907e-04 2.57590108e-01 2.55536635e-04 4.17526268e-01
 1.08933090e-01 2.65605975e-04 4.34240985e-04 7.02986199e-04
 3.98892334e-07 9.23078054e-04 9.55285619e-02 1.29008453e-03
 1.34109574e-03 1.81245582e-05 8.49611264e-05 9.69064025e-04]",0.11326687141177258,0.6762418370802725,0.11033592266798664,0.09774212338738228,0.0024132454525858673,False,false
4,12,6,无奈才选择跳楼轻生,在楼内对女子进行劝说,"['便', '因', '故', '由', '却', '但', '虽', '而', '与', '则', '就', '或', '苟', '若', '当', '如', '唯', '必', '总', '更']","[2.00526877e-01 4.35465742e-02 2.07054232e-02 3.30781871e-03
 1.46661175e-01 1.18218151e-01 2.94519241e-02 8.14113213e-02
 1.74344543e-03 2.98736724e-02 1.36709244e-01 2.44915501e-02
 4.57417392e-05 3.02359251e-03 8.49876094e-03 6.23489487e-03
 6.26185574e-04 9.59458497e-04 5.30158131e-03 1.38662608e-01]",0.268086693563325,0.37574257147023205,0.19281791188442393,0.017802990068732483,0.14554983301328664,False,false
4,12,7,无奈才选择跳楼轻生,劝说过程中,"['便', '因', '故', '由', '却', '但', '虽', '而', '与', '则', '就', '或', '苟', '若', '当', '如', '唯', '必', '总', '更']","[4.35628032e-04 4.08041017e-02 3.51613139e-03 8.59403496e-04
 2.44084180e-03 5.52794413e-01 2.45204187e-03 3.35191806e-01
 1.71969285e-02 5.27294346e-04 5.28287580e-03 3.14432669e-03
 2.79236239e-06 2.61090075e-03 2.53578279e-02 3.41255661e-03
 3.45522267e-04 6.42436860e-05 2.08584066e-03 1.47452356e-03]",0.04561526463638705,0.892879102270721,0.02615142529308109,0.031384077628282714,0.003970130171528214,False,false
4,12,8,无奈才选择跳楼轻生,消防官兵了解到,"['便', '因', '故', '由', '却', '但', '虽', '而', '与', '则', '就', '或', '苟', '若', '当', '如', '唯', '必', '总', '更']","[3.80166987e-04 4.50482557e-03 5.19427751e-03 2.52519188e-02
 2.38127963e-04 6.66999823e-01 8.94169783e-05 2.46955698e-01
 5.09556021e-03 1.27713086e-04 1.46849992e-02 3.82039560e-04
 2.89282934e-07 9.65192422e-05 2.53261524e-02 1.91050029e-03
 5.11562547e-04 5.90531211e-05 1.33296626e-03 8.58389943e-04]",0.03533118888372581,0.914283065915811,0.020290312079674466,0.027333461252843992,0.0027619718679447,False,false
4,12,9,无奈才选择跳楼轻生,该女子是对方拖欠工程款,"['便', '因', '故', '由', '却', '但', '虽', '而', '与', '则', '就', '或', '苟', '若', '当', '如', '唯', '必', '总', '更']","[3.18512007e-04 1.18520535e-01 7.79633346e-03 2.19304823e-03
 8.42195323e-04 3.27197946e-01 5.79826438e-04 4.82968995e-01
 1.91211036e-02 1.65685587e-03 1.85196812e-03 8.75229655e-03
 2.45572480e-07 7.56921718e-03 3.88429700e-03 1.13886909e-02
 3.49540894e-03 5.32832476e-05 8.01547606e-05 1.72908602e-03]",0.1288284291405993,0.811588963048635,0.03138222416689933,0.022842450679513064,0.005357932964353192,True,false
4,12,10,无奈才选择跳楼轻生,家中又急需用钱,"['便', '因', '故', '由', '却', '但', '虽', '而', '与', '则', '就', '或', '苟', '若', '当', '如', '唯', '必', '总', '更']","[6.71259798e-05 2.27641856e-02 8.99940485e-04 2.35540332e-04
 6.42353026e-03 7.25056090e-01 6.71661001e-04 2.38720360e-01
 9.61351884e-05 1.57662332e-04 8.36083549e-05 1.47432696e-04
 3.92980675e-06 1.41098362e-03 1.37040595e-03 6.43410602e-04
 9.87406732e-04 1.31589136e-05 1.09878892e-04 1.37553436e-04]",0.023966792378998285,0.9708716410994911,0.0004848385711760326,0.003428729976909908,0.001247997973424876,True,false
4,12,11,无奈才选择跳楼轻生,生活压力大,"['便', '因', '故', '由', '却', '但', '虽', '而', '与', '则', '就', '或', '苟', '若', '当', '如', '唯', '必', '总', '更']","[7.23851505e-04 4.64846408e-01 5.21274557e-03 5.23240162e-03
 3.97661818e-03 3.49862004e-01 3.00681877e-03 4.72021461e-02
 1.90904888e-02 8.65406084e-04 6.92126989e-03 9.66327927e-03
 2.45848321e-04 2.30347670e-03 3.02571477e-02 3.70935981e-03
 2.02025899e-03 2.42362166e-04 3.25403115e-02 1.20777978e-02]",0.47601540635728234,0.4040475867266178,0.03654044401845634,0.0365158325044277,0.04688073039321572,True,true
4,12,12,无奈才选择跳楼轻生,无奈才选择跳楼轻生,"['便', '因', '故', '由', '却', '但', '虽', '而', '与', '则', '就', '或', '苟', '若', '当', '如', '唯', '必', '总', '更']","[1.16765542e-03 1.37351075e-01 4.29535262e-03 6.69629349e-03
 1.72109626e-02 3.30854661e-01 3.41822205e-03 1.23850437e-01
 5.05804035e-03 1.59589727e-03 2.33134957e-02 1.34853807e-02
 4.07351473e-05 8.89817664e-03 5.17558788e-02 5.24528394e-03
 1.85675889e-02 1.57385906e-03 9.44827796e-03 2.36172725e-01]",0.1495103770036888,0.47533428306424447,0.043452814031911854,0.06594007455990794,0.26576245134024695,False,false
5,7,1,两人既是自豪也是对前景充满了信心,依靠父母支持和在学校打工积攒下来的钱,"['便', '因', '故', '由', '却', '但', '虽', '而', '与', '则', '就', '或', '苟', '若', '当', '如', '唯', '必', '总', '更']","[2.13706598e-02 2.80239600e-02 3.54587860e-04 8.54949067e-03
 1.90985279e-02 2.49239809e-01 1.07380006e-02 2.52051060e-01
 5.90401115e-03 1.61367364e-02 2.93581056e-01 4.68351035e-03
 4.28942995e-06 4.75785247e-03 4.19074518e-03 1.44870001e-02
 6.39115939e-03 4.73933372e-04 1.43931707e-02 4.55704390e-02]",0.05829869831720257,0.5311273976926929,0.32030531437065785,0.023439887147151436,0.06682870247229512,False,false
5,7,2,两人既是自豪也是对前景充满了信心,两人共投资50多万元,"['便', '因', '故', '由', '却', '但', '虽', '而', '与', '则', '就', '或', '苟', '若', '当', '如', '唯', '必', '总', '更']","[2.05159788e-03 7.24663713e-02 8.73757076e-02 4.25054756e-02
 1.31405365e-04 1.59887752e-01 3.80978094e-03 5.25244127e-01
 1.84855510e-02 1.20406387e-03 1.59007468e-02 1.26588108e-03
 1.36404017e-06 5.52996137e-03 4.23670065e-02 1.84037655e-02
 1.40893894e-04 2.82147625e-05 2.00333029e-03 1.19700318e-03]",0.2043991524519766,0.689073065385044,0.0368562426998258,0.06630209733892825,0.0033694421242252736,False,false
5,7,3,两人既是自豪也是对前景充满了信心,办起了养鸡场,"['便', '因', '故', '由', '却', '但', '虽', '而', '与', '则', '就', '或', '苟', '若', '当', '如', '唯', '必', '总', '更']","[2.23243158e-01 9.16409127e-03 5.34321375e-03 8.10996373e-04
 1.12809991e-02 1.90411717e-02 1.02120349e-03 6.79455980e-02
 5.41240749e-04 1.21714592e-02 5.22506145e-01 2.70869483e-03
 2.31745319e-06 1.36578743e-03 3.38898041e-03 1.31408454e-02
 9.43651496e-05 2.43933447e-04 2.46251787e-03 1.03523281e-01]",0.23856145891787658,0.09928897233741901,0.537927540248631,0.01789793069584395,0.10632409780022936,False,false
5,7,4,两人既是自豪也是对前景充满了信心,去年11月开始售卖产品,"['便', '因', '故', '由', '却', '但', '虽', '而', '与', '则', '就', '或', '苟', '若', '当', '如', '唯', '必', '总', '更']","[1.89409258e-03 4.99266862e-02 9.52262007e-03 3.20218992e-01
 5.54008942e-04 1.42966733e-01 1.25481946e-03 4.09345702e-01
 2.29353474e-02 2.33900591e-03 7.57050923e-03 5.82845310e-03
 1.02725136e-06 4.02375210e-03 8.00961163e-03 9.86600232e-03
 5.44802887e-04 5.25048605e-05 8.27625215e-04 2.31770432e-03]",0.381562390804034,0.5541212629634867,0.03867331564261335,0.021900393310751713,0.0037426372791142214,False,false
5,7,5,两人既是自豪也是对前景充满了信心,3个月的销售额已经达到了50多万元,"['便', '因', '故', '由', '却', '但', '虽', '而', '与', '则', '就', '或', '苟', '若', '当', '如', '唯', '必', '总', '更']","[1.21889546e-03 1.33586963e-02 2.11060156e-03 5.26462541e-03
 3.32908577e-03 3.76615238e-01 3.23368495e-03 4.39630188e-01
 2.49597337e-03 2.21543442e-03 2.89475312e-02 3.96686124e-04
 9.15777736e-07 8.01768709e-03 7.32125342e-02 3.79680925e-02
 4.46475600e-04 3.41077739e-05 1.16654819e-03 3.36998341e-04]",0.02195281877288827,0.8228081965863046,0.034055625088204734,0.11919922964410828,0.001984129908494508,False,false
5,7,6,两人既是自豪也是对前景充满了信心,有这样一个好的开头,"['便', '因', '故', '由', '却', '但', '虽', '而', '与', '则', '就', '或', '苟', '若', '当', '如', '唯', '必', '总', '更']","[2.55085669e-02 2.52240083e-03 8.15047946e-04 7.57616421e-05
 1.48977931e-02 5.11318179e-02 3.87815671e-04 1.33432455e-02
 6.86771787e-05 8.78573177e-04 3.03315170e-01 1.21355450e-03
 3.12827648e-05 1.90253333e-02 4.13555555e-03 2.25445527e-03
 1.13255128e-02 1.49040955e-02 5.29180765e-01 4.98457549e-03]",0.02892177734288765,0.07976067209645017,0.30547597467660026,0.025446626875771625,0.5603949490082902,True,false
5,7,7,两人既是自豪也是对前景充满了信心,两人既是自豪也是对前景充满了信心,"['便', '因', '故', '由', '却', '但', '虽', '而', '与', '则', '就', '或', '苟', '若', '当', '如', '唯', '必', '总', '更']","[1.57828969e-04 1.43684669e-03 3.01282139e-03 3.44766246e-04
 1.48809672e-04 2.13980238e-01 1.73378576e-04 7.53499264e-01
 1.71963112e-03 5.99063358e-04 3.75886131e-03 8.56027200e-04
 2.87144912e-06 1.99141886e-03 1.63748660e-02 6.57176385e-04
 1.53563967e-04 2.29604771e-05 9.90132508e-05 1.01059270e-03]",0.0049522632982503785,0.9678016906652706,0.00693358299268989,0.019026332653164064,0.0012861303906252918,False,false
6,6,1,当初获得入户指标的那份欣喜,2013年6月,"['便', '因', '故', '由', '却', '但', '虽', '而', '与', '则', '就', '或', '苟', '若', '当', '如', '唯', '必', '总', '更']","[5.29436901e-04 2.49604117e-02 6.77921559e-04 2.06730754e-01
 1.15438546e-03 1.52523493e-01 8.86858009e-04 1.72234889e-01
 1.01939578e-01 7.25349901e-03 2.46492578e-03 1.76666891e-02
 2.99533988e-04 7.13408982e-03 3.66887642e-02 7.91763431e-02
 2.84624050e-02 1.84287450e-04 1.07938137e-02 1.48237921e-01]",0.23289852409319203,0.3267996256908795,0.12932469227856752,0.12329873111491908,0.18767842682244185,False,false
6,6,2,当初获得入户指标的那份欣喜,在深圳打拼10年的吴树梁终于拿到大红的深圳市户口,"['便', '因', '故', '由', '却', '但', '虽', '而', '与', '则', '就', '或', '苟', '若', '当', '如', '唯', '必', '总', '更']","[1.48441460e-03 1.99040915e-02 1.68003329e-03 2.11563566e-03
 2.23320166e-03 8.97193067e-02 3.50825195e-03 8.24114678e-01
 5.13347449e-03 9.06005789e-04 1.76074966e-02 1.65743727e-04
 2.11677219e-06 5.08070294e-04 2.60130994e-02 1.23136135e-03
 4.08848401e-04 2.70842028e-05 4.89682956e-04 2.74740239e-03]",0.02518417503123849,0.9195754385150735,0.02381272065382789,0.02775464784765645,0.003673017952203663,False,false
6,6,3,当初获得入户指标的那份欣喜,儿子吴同也随之迁入深圳,"['便', '因', '故', '由', '却', '但', '虽', '而', '与', '则', '就', '或', '苟', '若', '当', '如', '唯', '必', '总', '更']","[6.49221218e-05 6.05259270e-04 2.07190133e-03 1.01584284e-03
 7.90187394e-05 3.90407809e-02 1.91700246e-05 9.37542780e-01
 1.58877962e-02 2.09739553e-04 4.58056838e-04 4.88047601e-05
 2.04087234e-06 3.50866155e-04 1.47563210e-03 4.13552875e-04
 1.14535097e-04 3.53821380e-06 5.56201882e-04 3.95605332e-05]",0.003757925564528316,0.9766817493071461,0.016604397401018132,0.0022420920006685453,0.0007138357266388338,False,false
6,6,4,当初获得入户指标的那份欣喜,但妻子丁维清却必须等候吴树梁入户满两年才能随迁,"['便', '因', '故', '由', '却', '但', '虽', '而', '与', '则', '就', '或', '苟', '若', '当', '如', '唯', '必', '总', '更']","[1.37691458e-03 1.26333510e-02 9.03647040e-03 1.29975035e-03
 2.87029169e-03 3.40962435e-01 5.02656361e-02 4.90115275e-01
 1.32606334e-02 1.16907020e-03 1.19406267e-02 8.50789479e-03
 1.80269338e-04 6.40613520e-03 1.82586813e-02 2.18175675e-02
 2.93108365e-03 1.87354239e-03 4.99361213e-04 4.59501027e-03]",0.024346486280773152,0.8842136377485821,0.03487822507700781,0.046662653372213,0.0098989975214239,False,false
6,6,5,当初获得入户指标的那份欣喜,半年后,"['便', '因', '故', '由', '却', '但', '虽', '而', '与', '则', '就', '或', '苟', '若', '当', '如', '唯', '必', '总', '更']","[2.42680889e-03 9.76132013e-03 1.86697480e-03 3.71953065e-03
 1.53761147e-02 3.62841208e-01 1.67821186e-03 4.63216529e-01
 1.09097520e-02 4.06274985e-03 4.16277283e-02 1.62088798e-02
 2.02927581e-06 2.60771718e-02 2.17544077e-02 1.12474320e-02
 6.08337652e-04 3.98482463e-05 1.00650683e-03 5.56845876e-03]",0.017774634455621375,0.8431120632933322,0.07280910994800016,0.059081040812346476,0.007223151490699888,False,false
6,6,7,当初获得入户指标的那份欣喜,老吴患上肺癌晚期的噩耗而荡然无存,"['便', '因', '故', '由', '却', '但', '虽', '而', '与', '则', '就', '或', '苟', '若', '当', '如', '唯', '必', '总', '更']","[2.26167135e-05 9.80198986e-01 2.03361153e-04 1.07886579e-03
 4.07081837e-04 3.52987389e-03 3.49953929e-05 6.94635050e-03
 2.15218582e-03 5.29417438e-05 5.18992946e-04 9.19809308e-05
 4.96208609e-08 1.09317700e-04 3.83818469e-03 6.85100758e-04
 6.38831406e-05 2.60966772e-06 1.50985436e-05 4.75229314e-05]",0.9815038298887058,0.01091830161588386,0.0028161014441333257,0.004632652767930217,0.00012911428334671523,False,true
6,6,8,当初获得入户指标的那份欣喜,取而代之的,"['便', '因', '故', '由', '却', '但', '虽', '而', '与', '则', '就', '或', '苟', '若', '当', '如', '唯', '必', '总', '更']","[2.20936790e-03 1.33746461e-03 3.55500679e-04 7.24829472e-04
 2.14303950e-02 2.98011074e-01 2.36898196e-04 6.18339514e-01
 3.34750630e-03 3.69833160e-03 7.48941108e-03 3.06523677e-02
 6.52602523e-07 1.45382972e-03 3.05744010e-03 1.09659118e-03
 2.87153080e-04 3.80654260e-05 3.45571615e-05 6.19905028e-03]",0.004627162663010229,0.9380178811397735,0.04518761664295282,0.005608513606827221,0.006558825947436517,False,false
6,6,10,当初获得入户指标的那份欣喜,医生的判决是36个月,"['便', '因', '故', '由', '却', '但', '虽', '而', '与', '则', '就', '或', '苟', '若', '当', '如', '唯', '必', '总', '更']","[4.19724849e-04 5.45558615e-03 1.98304501e-03 6.30475803e-03
 1.95031329e-03 6.02289251e-01 7.02662609e-05 3.03558202e-01
 1.26469675e-02 6.50509317e-04 4.56419181e-03 1.66140327e-03
 4.04818632e-04 3.11885369e-03 3.40369858e-02 5.06665801e-03
 1.75150873e-03 3.51217278e-05 1.28712736e-02 1.16056090e-03]",0.014163114040826916,0.9078680330003951,0.019523071887403192,0.04262731616006017,0.015818464911314684,False,false
6,6,11,当初获得入户指标的那份欣喜,这意味着,"['便', '因', '故', '由', '却', '但', '虽', '而', '与', '则', '就', '或', '苟', '若', '当', '如', '唯', '必', '总', '更']","[1.05865344e-04 1.82861882e-03 1.52404772e-04 1.91648704e-04
 2.83016001e-04 2.88098225e-01 8.52864027e-05 6.99074956e-01
 2.21656878e-04 6.54757076e-04 4.87081844e-03 1.30033868e-03
 3.00428859e-07 5.44805204e-04 1.86471621e-03 3.42390929e-04
 5.99951347e-05 3.10488587e-05 2.83289032e-05 2.60821808e-04]",0.002278537637193699,0.987541483813175,0.007047571070129338,0.002752212775193979,0.0003801947043079852,False,false
6,6,12,当初获得入户指标的那份欣喜,老吴可能等不到妻子随迁入户深圳,"['便', '因', '故', '由', '却', '但', '虽', '而', '与', '则', '就', '或', '苟', '若', '当', '如', '唯', '必', '总', '更']","[1.45775126e-04 2.34166514e-02 1.83548429e-03 9.20014637e-04
 6.12851571e-04 4.84986180e-01 3.82461220e-04 3.76293205e-01
 4.49397451e-03 3.72979054e-04 3.02444060e-03 7.12728479e-03
 4.69152610e-05 8.49894796e-03 7.65307391e-02 5.82492552e-03
 4.10365800e-04 1.53576684e-04 2.40622098e-03 2.51700618e-03]",0.026317925480151133,0.862274698096142,0.015018678953454613,0.09090152782566899,0.005487169644583259,False,false
6,6,6,当初获得入户指标的那份欣喜,当初获得入户指标的那份欣喜,"['便', '因', '故', '由', '却', '但', '虽', '而', '与', '则', '就', '或', '苟', '若', '当', '如', '唯', '必', '总', '更']","[3.15777808e-04 1.39123200e-02 7.02645219e-04 1.95016383e-03
 6.05968796e-04 8.22415594e-02 1.03481966e-04 7.95904772e-01
 4.24194785e-02 2.35079042e-04 1.18872306e-02 1.60624760e-02
 4.28491346e-07 3.92461773e-04 2.79394305e-02 1.51435435e-03
 3.86295148e-04 1.78167707e-04 2.54230899e-04 2.99367799e-03]",0.01688090682722026,0.8788557821976514,0.0706042641063809,0.029846675127684075,0.003812371741063569,True,false
6,9,1,是他对自己生存期的忧虑,2013年6月,"['便', '因', '故', '由', '却', '但', '虽', '而', '与', '则', '就', '或', '苟', '若', '当', '如', '唯', '必', '总', '更']","[5.98978175e-04 2.28151368e-02 8.72985254e-04 1.54951439e-01
 8.24130737e-04 2.18173703e-01 6.47949418e-04 2.08457164e-01
 9.79767416e-02 4.79165978e-03 1.73310578e-03 1.91206230e-02
 3.18563161e-04 7.38637685e-03 2.34799134e-02 6.94478258e-02
 3.10383505e-02 1.64539274e-04 8.79563505e-03 1.28405179e-01]",0.17923853956162272,0.42810294730193166,0.12362213014542876,0.10063267916003169,0.16840370383098505,False,false
6,9,2,是他对自己生存期的忧虑,在深圳打拼10年的吴树梁终于拿到大红的深圳市户口,"['便', '因', '故', '由', '却', '但', '虽', '而', '与', '则', '就', '或', '苟', '若', '当', '如', '唯', '必', '总', '更']","[2.18645962e-03 3.79782547e-02 4.67069445e-03 3.59410943e-03
 3.28085634e-03 1.46059053e-01 6.09025562e-03 7.53080800e-01
 7.27769712e-03 1.78366008e-03 1.70079673e-02 3.55313368e-04
 6.78466855e-06 9.04296038e-04 1.03852518e-02 1.50611909e-03
 5.79162845e-04 3.20070577e-05 6.98159835e-04 2.52309761e-03]",0.048429518188650385,0.9085109649706083,0.026424637871516256,0.012802451620572253,0.0038324273486526833,False,false
6,9,3,是他对自己生存期的忧虑,儿子吴同也随之迁入深圳,"['便', '因', '故', '由', '却', '但', '虽', '而', '与', '则', '就', '或', '苟', '若', '当', '如', '唯', '必', '总', '更']","[8.39861308e-05 8.95612226e-04 3.14806803e-03 1.54774704e-03
 9.66494688e-05 6.07103248e-02 2.14019134e-05 9.06122841e-01
 2.37509477e-02 2.72027369e-04 3.40845323e-04 9.23547519e-05
 1.87312082e-06 5.90393094e-04 1.14153208e-03 5.25467549e-04
 2.07653634e-04 3.93314435e-06 3.94042699e-04 5.22988945e-05]",0.005675413427109033,0.9669512171657877,0.024456175187407374,0.0022592658485286773,0.000657928371167257,False,false
6,9,4,是他对自己生存期的忧虑,但妻子丁维清却必须等候吴树梁入户满两年才能随迁,"['便', '因', '故', '由', '却', '但', '虽', '而', '与', '则', '就', '或', '苟', '若', '当', '如', '唯', '必', '总', '更']","[1.16580611e-03 1.18959732e-02 1.61344824e-02 1.47019567e-03
 2.86336707e-03 3.39585009e-01 2.71770348e-02 5.14901680e-01
 1.32506890e-02 1.68135679e-03 4.05888314e-03 8.59303877e-03
 1.62424406e-04 1.01397208e-02 9.63083258e-03 2.82574619e-02
 4.78116844e-03 1.49248882e-03 3.53932647e-04 2.40445494e-03]",0.030666457358908196,0.8845270903706431,0.02758396774569081,0.0481904396809773,0.009032044843780526,False,false
6,9,5,是他对自己生存期的忧虑,半年后,"['便', '因', '故', '由', '却', '但', '虽', '而', '与', '则', '就', '或', '苟', '若', '当', '如', '唯', '必', '总', '更']","[1.63516527e-03 2.07301737e-02 6.54367616e-03 5.72817882e-03
 6.91330076e-03 5.65672292e-01 1.37395384e-03 2.65946507e-01
 1.51990326e-02 2.88743515e-03 1.23521722e-02 2.86514743e-02
 1.33432648e-05 2.84840447e-02 2.07053872e-02 1.10286015e-02
 9.80786228e-04 4.79954575e-05 1.35995688e-03 3.74652326e-03]",0.03463719389731751,0.8399060534144207,0.05909011420305979,0.06023137665460265,0.006135261830599328,False,false
6,9,7,是他对自己生存期的忧虑,老吴患上肺癌晚期的噩耗而荡然无存,"['便', '因', '故', '由', '却', '但', '虽', '而', '与', '则', '就', '或', '苟', '若', '当', '如', '唯', '必', '总', '更']","[3.02275465e-05 9.70622080e-01 2.10727670e-04 3.42596829e-03
 6.64135881e-04 2.87504078e-03 4.18444515e-05 5.54735146e-03
 4.41904722e-03 1.66140727e-04 8.92821041e-04 8.34679395e-04
 2.37057367e-07 2.76103937e-04 7.70734837e-03 1.98135229e-03
 1.51783980e-04 1.09175785e-05 5.70568875e-05 8.51359104e-05]",0.9742890030341925,0.009128372575314417,0.006312688383656054,0.009965041650489252,0.000304894356347867,False,true
6,9,8,是他对自己生存期的忧虑,取而代之的,"['便', '因', '故', '由', '却', '但', '虽', '而', '与', '则', '就', '或', '苟', '若', '当', '如', '唯', '必', '总', '更']","[8.25587364e-03 4.78299765e-03 3.44157985e-03 7.70589924e-03
 1.08197907e-02 2.09750523e-01 6.82353484e-04 4.39202736e-01
 7.11218379e-03 1.73982592e-02 1.89733218e-02 2.44821057e-01
 5.70134028e-06 5.26188467e-03 4.03012768e-03 4.79711552e-03
 3.88805624e-04 1.25984179e-04 1.22184214e-04 1.23216217e-02]",0.02418635037952177,0.66045540289228,0.2883048217902809,0.014094829203612396,0.012958595734305026,False,false
6,9,10,是他对自己生存期的忧虑,医生的判决是36个月,"['便', '因', '故', '由', '却', '但', '虽', '而', '与', '则', '就', '或', '苟', '若', '当', '如', '唯', '必', '总', '更']","[3.08019190e-04 5.58401692e-03 2.20024014e-03 6.22277381e-03
 1.38950817e-03 6.34045640e-01 4.92806869e-05 2.85434574e-01
 7.90138248e-03 5.60625423e-04 3.40005713e-03 1.06487615e-03
 1.79960053e-04 3.22207943e-03 3.12823599e-02 3.81380182e-03
 9.28128542e-04 1.84109144e-05 1.14199958e-02 9.74269483e-04]",0.014315050067186558,0.9209190027960258,0.012926941181259952,0.03849820122533749,0.013340804730190326,False,false
6,9,11,是他对自己生存期的忧虑,这意味着,"['便', '因', '故', '由', '却', '但', '虽', '而', '与', '则', '就', '或', '苟', '若', '当', '如', '唯', '必', '总', '更']","[1.30808927e-04 2.93715359e-03 3.75316181e-04 2.83028135e-04
 3.60215739e-04 3.91898091e-01 1.45382032e-04 5.91235701e-01
 2.71628628e-04 9.96239805e-04 4.37611233e-03 2.66317267e-03
 1.05251371e-06 8.59567459e-04 2.32414791e-03 6.50798190e-04
 8.99461525e-05 6.26932061e-05 3.96164199e-05 2.99328757e-04]",0.003726306836806481,0.9836393891257067,0.008307153433836362,0.003835566068539671,0.0004915845351108074,False,false
6,9,12,是他对自己生存期的忧虑,老吴可能等不到妻子随迁入户深圳,"['便', '因', '故', '由', '却', '但', '虽', '而', '与', '则', '就', '或', '苟', '若', '当', '如', '唯', '必', '总', '更']","[3.43000528e-04 4.17284137e-02 5.12303138e-03 1.55572353e-03
 9.13334694e-04 4.43596169e-01 5.19160131e-04 3.63462570e-01
 6.12729940e-03 6.85898637e-04 3.98134569e-03 1.19951283e-02
 1.55650292e-04 2.41597791e-02 7.18959962e-02 1.40267152e-02
 1.06539753e-03 3.02078078e-04 4.11525847e-03 4.24805058e-03]",0.04875016918216158,0.8084912334250303,0.022789672018806988,0.11023814070417173,0.009730784669829566,True,false
6,9,9,是他对自己生存期的忧虑,是他对自己生存期的忧虑,"['便', '因', '故', '由', '却', '但', '虽', '而', '与', '则', '就', '或', '苟', '若', '当', '如', '唯', '必', '总', '更']","[1.11687038e-02 1.57188244e-03 1.27611371e-03 9.00820117e-04
 1.40800144e-02 1.92518998e-01 4.93409142e-04 1.31506468e-01
 2.88933851e-03 1.17031607e-02 2.73684953e-01 1.95133993e-01
 1.96918183e-05 1.00367609e-02 2.03660114e-03 9.49108030e-03
 1.10871886e-04 7.59464533e-04 2.31330009e-02 1.17484674e-01]",0.014917520038505903,0.338598889226148,0.4834114453218308,0.021584134206340137,0.14148801120717514,False,false
8,1,2,生不如死是老吴患癌后常有的想法,大面积骨转移,"['便', '因', '故', '由', '却', '但', '虽', '而', '与', '则', '就', '或', '苟', '若', '当', '如', '唯', '必', '总', '更']","[1.47319173e-03 2.95525270e-01 1.27965247e-02 3.18083766e-03
 2.17679654e-04 2.77637633e-02 7.76553374e-04 2.89284079e-02
 9.07461861e-02 3.66807292e-03 4.07371205e-03 9.70680755e-02
 5.87677806e-06 1.38545935e-02 1.18145663e-02 2.10639167e-01
 4.95017280e-03 5.23624073e-04 1.72451076e-02 1.74748617e-01]",0.3129758241685129,0.05768640422713958,0.19555604649651886,0.2363142037962121,0.19746752131161663,True,true
8,1,3,生不如死是老吴患癌后常有的想法,老吴每天都在剧痛里挣扎,"['便', '因', '故', '由', '却', '但', '虽', '而', '与', '则', '就', '或', '苟', '若', '当', '如', '唯', '必', '总', '更']","[6.42546991e-05 8.51044850e-03 1.00474495e-03 3.38291893e-04
 1.35623950e-03 4.31572669e-01 8.78768150e-05 5.22493881e-01
 2.22183902e-03 4.42469853e-05 1.24146077e-03 4.59333290e-04
 4.32421596e-06 3.75559993e-04 2.88780726e-02 6.49745771e-04
 1.34071110e-04 2.73690688e-05 2.78878442e-04 2.56692485e-04]",0.00991774003574753,0.9555106662299359,0.003966880068229007,0.029907702559890288,0.0006970111061972563,True,false
8,1,4,生不如死是老吴患癌后常有的想法,从2012年10月到现在,"['便', '因', '故', '由', '却', '但', '虽', '而', '与', '则', '就', '或', '苟', '若', '当', '如', '唯', '必', '总', '更']","[1.53612310e-03 6.26728627e-03 6.34707261e-03 5.66824926e-03
 5.45891069e-03 4.32062488e-01 8.16024518e-04 4.73990491e-01
 9.62093426e-03 1.55629215e-02 1.66335457e-02 4.29551867e-03
 5.48185042e-06 2.22578883e-03 3.54191098e-03 3.04632600e-03
 1.51048653e-03 6.09416833e-05 3.06631883e-03 8.28317962e-03]",0.019818731245771295,0.9123279143007346,0.04611292011980601,0.008819507664234035,0.012920926669454203,False,false
8,1,5,生不如死是老吴患癌后常有的想法,老吴已经和晚期肺癌搏斗了30个月,"['便', '因', '故', '由', '却', '但', '虽', '而', '与', '则', '就', '或', '苟', '若', '当', '如', '唯', '必', '总', '更']","[1.97638123e-05 6.89853657e-03 2.76849121e-04 7.19089244e-05
 1.29210213e-04 3.57156444e-01 1.58013837e-04 6.27510333e-01
 2.15391642e-04 1.22550697e-05 1.30568650e-03 7.07911937e-05
 5.61620394e-07 1.37622938e-04 4.20014375e-03 1.72785919e-03
 4.57474508e-05 3.41649877e-06 3.39372174e-05 2.55275249e-05]",0.007267058431419295,0.984954000977001,0.0016041244011438722,0.00606618749853681,0.00010862869189889495,False,false
8,1,6,生不如死是老吴患癌后常有的想法,这个时间长度,"['便', '因', '故', '由', '却', '但', '虽', '而', '与', '则', '就', '或', '苟', '若', '当', '如', '唯', '必', '总', '更']","[7.92694166e-04 1.04920169e-02 2.32719404e-03 2.19461390e-02
 2.51281076e-04 1.02806823e-01 3.61346540e-05 6.43053021e-01
 3.34074104e-02 9.52372197e-03 5.83516941e-02 2.09076476e-02
 1.53188487e-06 1.19740004e-02 6.28990235e-02 1.86640310e-02
 1.69610181e-04 2.57363370e-04 2.00960098e-03 1.29060373e-04]",0.035558044102692796,0.7461472601694191,0.12219047400836076,0.09353858681858321,0.0025656349009440904,False,false
8,1,7,生不如死是老吴患癌后常有的想法,比医生最初给他的死亡判决已经超出了近10倍,"['便', '因', '故', '由', '却', '但', '虽', '而', '与', '则', '就', '或', '苟', '若', '当', '如', '唯', '必', '总', '更']","[1.66981855e-03 1.46031475e-02 7.61297315e-05 1.24735209e-02
 2.52039101e-02 4.60412734e-01 5.15259014e-03 1.87655180e-01
 8.91374756e-03 4.94024911e-04 1.20483559e-01 4.01634442e-03
 4.36339476e-05 1.32014908e-02 2.19694611e-02 9.83186518e-03
 1.34340766e-04 2.74955792e-03 9.67249269e-02 1.41900163e-02]",0.02882261666929515,0.6784244141598533,0.1339076763069425,0.045046450962386554,0.11379884190152258,False,false
8,1,1,生不如死是老吴患癌后常有的想法,生不如死是老吴患癌后常有的想法,"['便', '因', '故', '由', '却', '但', '虽', '而', '与', '则', '就', '或', '苟', '若', '当', '如', '唯', '必', '总', '更']","[5.60224784e-04 2.97234836e-02 9.38804915e-03 4.91700648e-04
 4.04144028e-03 4.58239288e-01 1.31381276e-03 4.19150929e-01
 3.45206333e-03 1.29472625e-03 8.75454506e-03 9.80388438e-03
 6.20811773e-05 8.47286655e-03 2.56261770e-02 9.33452376e-03
 2.43290598e-03 8.89374458e-04 2.42771775e-03 4.54020664e-03]",0.04016345818024835,0.8827454694926893,0.023305219031338517,0.0434956484752446,0.010290204820479421,False,false
8,8,2,深圳宁养院的医生王劲也感到惊诧,大面积骨转移,"['便', '因', '故', '由', '却', '但', '虽', '而', '与', '则', '就', '或', '苟', '若', '当', '如', '唯', '必', '总', '更']","[1.19538274e-03 3.81826081e-01 1.11870315e-02 3.45096121e-03
 3.20583421e-04 4.08712606e-02 1.07141122e-03 4.20801728e-02
 8.07199939e-02 2.75122677e-03 4.07371232e-03 5.67633672e-02
 1.01168375e-05 9.51034345e-03 1.63025279e-02 1.23342861e-01
 4.28499740e-03 2.72540669e-04 1.19626461e-02 2.08002781e-01]",0.3976594567706492,0.08434342806860179,0.14430830016716062,0.14916584941398614,0.22452296557960216,False,true
8,8,3,深圳宁养院的医生王劲也感到惊诧,老吴每天都在剧痛里挣扎,"['便', '因', '故', '由', '却', '但', '虽', '而', '与', '则', '就', '或', '苟', '若', '当', '如', '唯', '必', '总', '更']","[2.23380725e-04 6.45983729e-03 1.12661719e-03 1.11365977e-03
 1.03779659e-03 2.74674294e-01 1.44675200e-04 6.80945350e-01
 1.05656285e-02 2.14097540e-04 1.99164323e-03 5.22114669e-04
 8.97446040e-05 8.77835742e-04 1.72523239e-02 1.40450969e-03
 2.57369466e-04 4.41145021e-05 3.21724727e-04 7.33282793e-04]",0.008923494980703363,0.9568021156591114,0.01329348397419841,0.019624413897749743,0.001356491488237085,False,false
8,8,4,深圳宁养院的医生王劲也感到惊诧,从2012年10月到现在,"['便', '因', '故', '由', '却', '但', '虽', '而', '与', '则', '就', '或', '苟', '若', '当', '如', '唯', '必', '总', '更']","[1.09902029e-03 4.09892708e-03 3.39172016e-03 2.94330470e-03
 3.37308045e-03 3.81776122e-01 8.25720567e-04 5.58874272e-01
 5.05799372e-03 6.24067110e-03 1.78815705e-02 2.96422595e-03
 5.62068656e-06 1.10983195e-03 2.37240652e-03 1.67619902e-03
 6.34537657e-04 4.03671111e-05 1.10618271e-03 4.52822638e-03]",0.011532972231708159,0.9448491944659428,0.032144461267172436,0.005164058174112105,0.00630931386106439,False,false
8,8,5,深圳宁养院的医生王劲也感到惊诧,老吴已经和晚期肺癌搏斗了30个月,"['便', '因', '故', '由', '却', '但', '虽', '而', '与', '则', '就', '或', '苟', '若', '当', '如', '唯', '必', '总', '更']","[1.90538618e-04 1.17124881e-02 7.47610897e-04 6.07361391e-04
 6.68685419e-04 3.35724312e-01 7.09470063e-04 6.28802717e-01
 2.05285313e-03 1.45408929e-04 3.28400585e-03 3.60947415e-04
 1.01523495e-04 1.24582747e-03 9.46963357e-03 3.20913906e-03
 2.54876644e-04 2.67176476e-05 3.20094813e-04 3.65788433e-04]",0.013257999046756359,0.9659051844955078,0.005843215323169187,0.014026123597689679,0.0009674775368769812,True,false
8,8,6,深圳宁养院的医生王劲也感到惊诧,这个时间长度,"['便', '因', '故', '由', '却', '但', '虽', '而', '与', '则', '就', '或', '苟', '若', '当', '如', '唯', '必', '总', '更']","[5.50498376e-04 8.99675391e-03 1.56531400e-03 1.05250691e-02
 3.09723792e-04 1.29928843e-01 6.49528304e-05 7.38113810e-01
 1.58917285e-02 3.73166377e-03 4.83402070e-02 6.55963772e-03
 1.01323159e-06 6.64463011e-03 1.93533132e-02 8.13177806e-03
 9.76782540e-05 7.04119609e-05 9.29368135e-04 1.93605345e-04]",0.0216376354343131,0.8684173293202702,0.07452323696543361,0.03413073458480299,0.0012910636951802392,False,false
8,8,7,深圳宁养院的医生王劲也感到惊诧,比医生最初给他的死亡判决已经超出了近10倍,"['便', '因', '故', '由', '却', '但', '虽', '而', '与', '则', '就', '或', '苟', '若', '当', '如', '唯', '必', '总', '更']","[1.85477192e-03 1.47017070e-02 1.33046991e-04 1.32991105e-02
 2.15798152e-02 4.97767787e-01 7.32345577e-03 2.05420101e-01
 1.22008951e-02 1.01196947e-03 7.60836572e-02 3.78374173e-03
 5.40923883e-05 1.10893479e-02 1.89205135e-02 8.56847705e-03
 1.00442080e-04 2.25280663e-03 7.31222008e-02 3.07320611e-02]",0.029988636428079883,0.7320911586192915,0.09308026341870299,0.038632430937086085,0.1062075105968395,True,false
8,8,8,深圳宁养院的医生王劲也感到惊诧,深圳宁养院的医生王劲也感到惊诧,"['便', '因', '故', '由', '却', '但', '虽', '而', '与', '则', '就', '或', '苟', '若', '当', '如', '唯', '必', '总', '更']","[1.67851627e-04 3.32463775e-03 2.84729950e-03 2.21840448e-03
 1.36897394e-04 1.06923990e-01 7.29878741e-05 8.62085636e-01
 5.63949231e-03 2.87046861e-04 3.82159632e-03 1.49897652e-03
 4.95144691e-07 3.70166885e-04 5.43374661e-03 2.82528310e-03
 3.03036724e-04 2.80285487e-05 1.42491004e-04 1.87193597e-03]",0.008558193366094652,0.9692195106445611,0.011247112008225755,0.008629691738462484,0.00234549224265599,False,false
10,5,1,就会有网友担心老吴是不是去了,为了坚持到妻子入户,"['便', '因', '故', '由', '却', '但', '虽', '而', '与', '则', '就', '或', '苟', '若', '当', '如', '唯', '必', '总', '更']","[1.02815791e-03 3.53520339e-02 2.86225664e-04 1.41371379e-04
 3.92410043e-02 6.34652713e-01 6.54269202e-04 1.48080587e-01
 2.80670285e-04 5.83126256e-04 1.16380299e-01 4.80973115e-03
 8.01709303e-07 6.01530103e-04 1.34204345e-03 1.58038946e-03
 7.41374059e-04 4.77049132e-05 1.48443464e-03 1.27115332e-02]",0.0368077888126356,0.8226285733692688,0.12205382632477904,0.0035247647280357217,0.014985046765280872,False,false
10,5,2,就会有网友担心老吴是不是去了,老吴已经用尽了全力,"['便', '因', '故', '由', '却', '但', '虽', '而', '与', '则', '就', '或', '苟', '若', '当', '如', '唯', '必', '总', '更']","[3.20236111e-05 7.56248644e-03 7.58889235e-05 1.03532647e-04
 2.81511376e-04 4.33253459e-01 2.09846301e-04 5.47627283e-01
 1.94589003e-04 4.03549662e-05 1.19527774e-03 9.64336969e-04
 8.74299816e-07 5.78857438e-04 7.28062429e-03 4.44979653e-04
 2.44356621e-05 2.59433187e-05 5.39506592e-05 4.97441641e-05]",0.0077739316180189064,0.9813721002207495,0.002394558678060507,0.00830533567900547,0.00015407380416539973,False,false
10,5,3,就会有网友担心老吴是不是去了,老吴其抗癌事迹广为人知,"['便', '因', '故', '由', '却', '但', '虽', '而', '与', '则', '就', '或', '苟', '若', '当', '如', '唯', '必', '总', '更']","[3.35195776e-05 9.04306579e-02 2.11180058e-03 1.08225230e-03
 1.40688484e-04 3.03555577e-01 1.57896778e-04 5.94954506e-01
 3.44131979e-04 6.45004602e-05 7.68324841e-04 1.80390388e-04
 9.43779361e-07 7.53486728e-04 1.92072789e-03 3.26894500e-03
 1.26085856e-04 5.55643431e-06 3.44014086e-05 6.56064952e-05]",0.09365823033970562,0.8988086683962774,0.0013573476684491945,0.005944103401928616,0.0002316501936390529,False,false
10,5,4,就会有网友担心老吴是不是去了,如果老吴长时间不更新微博,"['便', '因', '故', '由', '却', '但', '虽', '而', '与', '则', '就', '或', '苟', '若', '当', '如', '唯', '必', '总', '更']","[6.27915043e-05 1.99915383e-03 1.68634979e-04 5.85432599e-05
 8.75894237e-04 6.20898943e-01 7.59365981e-05 3.57314076e-01
 1.14702675e-04 7.11028519e-04 7.43949030e-03 3.37365431e-03
 3.13888119e-07 8.89719383e-04 1.27963044e-03 3.82550254e-03
 7.10841029e-05 2.55881412e-05 9.84145107e-05 7.16898426e-04]",0.002289123575417662,0.9791648491830245,0.011638875801609948,0.005995166258718645,0.0009119851812292906,True,false
10,5,6,就会有网友担心老吴是不是去了,2013年底,"['便', '因', '故', '由', '却', '但', '虽', '而', '与', '则', '就', '或', '苟', '若', '当', '如', '唯', '必', '总', '更']","[6.12210957e-04 3.56831678e-02 3.77192518e-03 7.17901754e-02
 3.62741029e-03 2.80734772e-01 4.95164081e-03 2.81976967e-01
 1.10521325e-01 2.42739549e-02 7.65937468e-03 1.32065792e-02
 6.93265230e-05 1.69270579e-02 3.50671570e-02 5.16080473e-02
 1.67834659e-02 2.40071000e-04 1.33977402e-02 2.70976307e-02]",0.11185747933129375,0.5712907901410968,0.15566123408405041,0.10367158869195081,0.057518907751608256,False,false
10,5,7,就会有网友担心老吴是不是去了,老吴两个多月没有更新微博,"['便', '因', '故', '由', '却', '但', '虽', '而', '与', '则', '就', '或', '苟', '若', '当', '如', '唯', '必', '总', '更']","[1.33700402e-04 2.77998605e-02 7.87569682e-04 1.17309831e-03
 1.80170277e-03 3.52039877e-01 3.14399608e-04 5.79634026e-01
 6.47551643e-03 2.23974513e-04 7.60631289e-03 1.75092571e-03
 4.44722624e-06 1.18668280e-03 1.49798328e-02 2.08146605e-03
 4.93349454e-04 2.81742311e-05 6.89175435e-04 7.95907363e-04]",0.02989422887985523,0.9337900062378852,0.01605672954392981,0.018252428856109414,0.0020066064822202305,False,false
10,5,8,就会有网友担心老吴是不是去了,有网友担心地问他近况如何,"['便', '因', '故', '由', '却', '但', '虽', '而', '与', '则', '就', '或', '苟', '若', '当', '如', '唯', '必', '总', '更']","[6.13153462e-03 3.67023859e-04 2.96842701e-04 3.63822595e-05
 2.96938836e-03 8.53926747e-03 1.35307146e-04 4.25898302e-02
 6.19194940e-05 4.43431725e-03 3.15982770e-01 2.03015908e-02
 1.57406663e-07 1.37601668e-03 2.17867526e-03 1.42337003e-03
 2.07095203e-05 2.53003850e-04 1.71825111e-02 5.75719382e-01]",0.0068317834415899375,0.05423379321039801,0.3407805976166248,0.004978219372781902,0.5931756063586054,False,false
10,5,9,就会有网友担心老吴是不是去了,看到网友的发问,"['便', '因', '故', '由', '却', '但', '虽', '而', '与', '则', '就', '或', '苟', '若', '当', '如', '唯', '必', '总', '更']","[1.24178716e-03 1.19902742e-03 1.45041338e-04 8.27212303e-05
 6.69346347e-03 3.92297112e-01 3.30886264e-04 3.23623373e-01
 2.97868577e-04 8.67304080e-04 9.65865632e-02 9.55708298e-03
 2.01108834e-07 1.44174490e-02 1.40142755e-01 8.81233571e-03
 6.12389538e-05 4.37328901e-05 4.86648996e-04 3.11340720e-03]",0.0026685771477525833,0.7229448352079484,0.1073088188698523,0.1633727407390507,0.0037050280353961022,False,false
10,5,10,就会有网友担心老吴是不是去了,正在经历靶向药耐药性剧痛期的他,"['便', '因', '故', '由', '却', '但', '虽', '而', '与', '则', '就', '或', '苟', '若', '当', '如', '唯', '必', '总', '更']","[9.12488524e-04 9.22048890e-03 2.52462197e-03 1.36523445e-03
 4.42983764e-03 1.90777775e-01 8.12043585e-04 7.39143278e-01
 2.29357370e-03 1.44342168e-03 2.03986893e-02 4.55214233e-03
 1.51415739e-06 2.17384919e-03 7.97292082e-03 7.92514683e-03
 8.72773119e-04 3.42625798e-05 9.79784108e-04 2.16615489e-03]",0.01402283384278425,0.9351629334474112,0.028687827019236285,0.018073430996862195,0.00405297469370596,False,false
10,5,11,就会有网友担心老吴是不是去了,还是努力地敲下了四个字活着,"['便', '因', '故', '由', '却', '但', '虽', '而', '与', '则', '就', '或', '苟', '若', '当', '如', '唯', '必', '总', '更']","[1.13005404e-04 6.01405895e-05 3.10416164e-05 7.23479589e-06
 5.30035553e-02 9.36791534e-01 1.91208438e-04 6.62054617e-03
 3.24928533e-06 2.78235084e-05 1.71036709e-03 1.07882119e-04
 4.15574193e-06 1.11977132e-04 8.24685085e-05 6.04930439e-05
 1.59055016e-04 1.04222126e-05 8.12246896e-04 9.15926655e-05]",0.0002114224053478577,0.9966068443731333,0.0018493220054014738,0.0002590944258675246,0.0010733167902497202,False,false
10,5,12,就会有网友担心老吴是不是去了,活着,"['便', '因', '故', '由', '却', '但', '虽', '而', '与', '则', '就', '或', '苟', '若', '当', '如', '唯', '必', '总', '更']","[0.00288548 0.00376108 0.00315343 0.00651174 0.03072409 0.23095004
 0.00184512 0.2028536  0.00805828 0.00332094 0.2365597  0.01070944
 0.16720626 0.0229849  0.01818687 0.0266167  0.00086548 0.00099129
 0.00755226 0.01426331]",0.016311724818131024,0.46637284377336613,0.25864835749215265,0.2349947299223532,0.02367234399399664,False,false
10,5,5,就会有网友担心老吴是不是去了,就会有网友担心老吴是不是去了,"['便', '因', '故', '由', '却', '但', '虽', '而', '与', '则', '就', '或', '苟', '若', '当', '如', '唯', '必', '总', '更']","[2.14521086e-03 3.23583722e-03 1.25708904e-03 4.10699240e-04
 4.48176983e-03 5.63140086e-01 1.22675216e-03 2.11427009e-01
 6.91689178e-04 3.04025235e-03 1.26185519e-01 3.39373765e-02
 1.67331237e-06 1.35133888e-03 1.03691657e-02 1.61611087e-03
 8.07502678e-05 6.05376279e-04 7.17104355e-03 2.76252512e-02]",0.007048836365789263,0.7802756168140217,0.1638548367258589,0.013338288794586792,0.0354824212997433,False,false
